{"accuracy": [0.6342787146568298, 0.824404776096344, 0.8692227005958557, 0.8830532431602478, 0.8911064267158508, 0.9346988797187805, 0.943102240562439, 0.9497548937797546, 0.9600840210914612, 0.9644607901573181, 0.9697129130363464, 0.9786414504051208, 0.9823179244995117, 0.9786414504051208, 0.9795168042182922, 0.9873949289321899, 0.9865196347236633, 0.9912465214729309, 0.9835433959960938, 0.9816176295280457, 0.9872198700904846, 0.9901960492134094, 0.9886204600334167], "loss": [0.9941433668136597, 0.5908815860748291, 0.48118364810943604, 0.431215763092041, 0.4194337725639343, 0.3238472640514374, 0.29006466269493103, 0.26915156841278076, 0.2478509247303009, 0.2443619668483734, 0.2212185263633728, 0.20160718262195587, 0.18369215726852417, 0.18942461907863617, 0.18676191568374634, 0.16149182617664337, 0.16264782845973969, 0.14733806252479553, 0.16178347170352936, 0.17633599042892456, 0.15771470963954926, 0.1429629772901535, 0.1481938660144806], "val_accuracy": [0.7543859481811523, 0.7803203463554382, 0.8108314275741577, 0.8337147235870361, 0.8802440762519836, 0.9206712245941162, 0.9244851469993591, 0.9275362491607666, 0.9534706473350525, 0.9260106682777405, 0.9412662386894226, 0.9633867144584656, 0.9511823058128357, 0.9656750559806824, 0.9656750559806824, 0.9740656018257141, 0.9618611931800842, 0.9786422848701477, 0.95652174949646, 0.9603356122970581, 0.9740656018257141, 0.9748283624649048, 0.9610983729362488], "val_loss": [0.7378629446029663, 0.6517548561096191, 0.5841497182846069, 0.5306992530822754, 0.4336148500442505, 0.36294934153556824, 0.32528960704803467, 0.3220594525337219, 0.2703869938850403, 0.33131149411201477, 0.32381704449653625, 0.24632084369659424, 0.2772164046764374, 0.22977107763290405, 0.23753933608531952, 0.22525471448898315, 0.2510572671890259, 0.19756826758384705, 0.2612593173980713, 0.24342750012874603, 0.210800901055336, 0.2001708298921585, 0.24782519042491913]}