{"accuracy": [0.9037114977836609, 0.9621848464012146, 0.968137264251709, 0.9786414504051208, 0.9802170991897583, 0.9791666865348816, 0.9865196347236633, 0.9854691624641418, 0.9786414504051208, 0.9870448112487793, 0.9891456365585327, 0.9914215803146362, 0.9912465214729309, 0.9889705777168274, 0.9928221106529236, 0.9947478771209717, 0.9966736435890198, 0.9949229955673218, 0.9915966391563416, 0.9989495873451233, 0.9954481720924377, 0.993697464466095, 0.9964985847473145, 0.993172287940979, 0.9980742335319519, 0.9961484670639038], "loss": [0.41126343607902527, 0.2027527391910553, 0.17355723679065704, 0.13726530969142914, 0.1263003796339035, 0.12092744559049606, 0.10405881702899933, 0.09890735149383545, 0.11382579058408737, 0.09194256365299225, 0.0840560719370842, 0.0787365511059761, 0.07352033257484436, 0.08406981080770493, 0.07238515466451645, 0.06480015069246292, 0.05686333030462265, 0.059095293283462524, 0.06975630670785904, 0.04949139058589935, 0.05477619543671608, 0.05807441845536232, 0.05088495835661888, 0.06318062543869019, 0.04724381864070892, 0.052554041147232056], "val_accuracy": [0.906941294670105, 0.9359267950057983, 0.9534706473350525, 0.950419545173645, 0.950419545173645, 0.9595728516578674, 0.9740656018257141, 0.9877955913543701, 0.9717772603034973, 0.9786422848701477, 0.9610983729362488, 0.9893211126327515, 0.9900839328765869, 0.9847444891929626, 0.9870327711105347, 0.9916094541549683, 0.9908466935157776, 0.9908466935157776, 0.9908466935157776, 0.9938977956771851, 0.9984744191169739, 0.9870327711105347, 0.9938977956771851, 0.9954233169555664, 0.9969488978385925, 0.9816933870315552], "val_loss": [0.3827393352985382, 0.2635872960090637, 0.19256249070167542, 0.18286481499671936, 0.19717498123645782, 0.14837555587291718, 0.12366149574518204, 0.10772661864757538, 0.12940986454486847, 0.10328858345746994, 0.1462702602148056, 0.08654871582984924, 0.08427167683839798, 0.09206042438745499, 0.09494195133447647, 0.06601639091968536, 0.07370724529027939, 0.06806060671806335, 0.07583511620759964, 0.05098164454102516, 0.04941514506936073, 0.07836931198835373, 0.06588630378246307, 0.06071925908327103, 0.05330440774559975, 0.09552083164453506]}